id,name,country_id,country_code,state_code,latitude,longitude
3901,Badakhshan,1,AF,BDS,36.73477250,70.81199530
3871,Badghis,1,AF,BDG,35.16713390,63.76953840
3875,Baghlan,1,AF,BGL,36.17890260,68.74530640
3884,Balkh,1,AF,BAL,36.75506030,66.89753720
3872,Bamyan,1,AF,BAM,34.81000670,67.82121040
3892,Daykundi,1,AF,DAY,33.66949500,66.04635340
3899,Farah,1,AF,FRA,32.49532800,62.26266270
3889,Faryab,1,AF,FYB,36.07956130,64.90595500
3870,Ghazni,1,AF,GHA,33.54505870,68.41739720
3888,Ghōr,1,AF,GHO,34.09957760,64.90595500
3873,Helmand,1,AF,HEL,39.29893610,-76.61604720
3887,Herat,1,AF,HER,34.35286500,62.20402870
3886,Jowzjan,1,AF,JOW,36.89696920,65.66585680
3902,Kabul,1,AF,KAB,34.55534940,69.20748600
3890,Kandahar,1,AF,KAN,31.62887100,65.73717490
3879,Kapisa,1,AF,KAP,34.98105720,69.62145620
3878,Khost,1,AF,KHO,33.33384720,69.93716730
3876,Kunar,1,AF,KNR,34.84658930,71.09731700
3900,"Kunduz Province",1,AF,KDZ,36.72855110,68.86789820
3891,Laghman,1,AF,LAG,34.68976870,70.14558050
3897,Logar,1,AF,LOG,34.01455180,69.19239160
3882,Nangarhar,1,AF,NAN,34.17183130,70.62167940
3896,Nimruz,1,AF,NIM,31.02614880,62.45041540
3880,Nuristan,1,AF,NUR,35.32502230,70.90712360
3894,Paktia,1,AF,PIA,33.70619900,69.38310790
3877,Paktika,1,AF,PKA,32.26453860,68.52471490
3881,Panjshir,1,AF,PAN,38.88023910,-77.17172380
3895,Parwan,1,AF,PAR,34.96309770,68.81088490
3883,Samangan,1,AF,SAM,36.31555060,67.96428630
3885,"Sar-e Pol",1,AF,SAR,36.21662800,65.93336000
3893,Takhar,1,AF,TAK,36.66980130,69.47845410
3898,Urozgan,1,AF,URU,32.92712870,66.14152630
3874,Zabul,1,AF,ZAB,32.19187820,67.18944880
3907,"Australian Capital Territory",14,AU,ACT,-35.47346790,149.01236790
3909,"New South Wales",14,AU,NSW,-31.25321830,146.92109900
3910,"Northern Territory",14,AU,NT,-19.49141080,132.55096030
3905,Queensland,14,AU,QLD,-20.91757380,142.70279560
3904,"South Australia",14,AU,SA,-30.00023150,136.20915470
3908,Tasmania,14,AU,TAS,-41.45451960,145.97066470
3903,Victoria,14,AU,VIC,,
3906,"Western Australia",14,AU,WA,-27.67281680,121.62830980
2062,Burgenland,15,AT,1,47.15371650,16.26887970
2057,Carinthia,15,AT,2,46.72220300,14.18058820
2065,"Lower Austria",15,AT,3,48.10807700,15.80495580
2061,Salzburg,15,AT,5,47.80949000,13.05501000
2059,Styria,15,AT,6,47.35934420,14.46998270
2064,Tyrol,15,AT,7,47.25374140,11.60148700
2058,"Upper Austria",15,AT,4,48.02585400,13.97236650
2060,Vienna,15,AT,9,48.20817430,16.37381890
2063,Vorarlberg,15,AT,8,47.24974270,9.97973730
2012,Acre,31,BR,AC,32.93305200,35.08267800
2007,Alagoas,31,BR,AL,-9.57130580,-36.78195050
1999,Amapá,31,BR,AP,0.90199250,-52.00295650
2004,Amazonas,31,BR,AM,,
2002,Bahia,31,BR,BA,26.11353900,-80.10620400
2016,Ceará,31,BR,CE,-5.49839770,-39.32062410
2018,"Espírito Santo",31,BR,ES,-19.18342290,-40.30886260
2017,"Federal District",31,BR,DF,-15.79976540,-47.86447150
2000,Goiás,31,BR,GO,-15.82703690,-49.83622370
2015,Maranhão,31,BR,MA,-4.96094980,-45.27441590
2011,"Mato Grosso",31,BR,MT,-12.68187120,-56.92109900
2010,"Mato Grosso do Sul",31,BR,MS,-20.77222950,-54.78515310
1998,"Minas Gerais",31,BR,MG,-18.51217800,-44.55503080
2009,Pará,31,BR,PA,-1.99812710,-54.93061520
2005,Paraíba,31,BR,PB,-7.23996090,-36.78195050
2022,Paraná,31,BR,PR,-25.25208880,-52.02154150
2006,Pernambuco,31,BR,PE,-8.81371730,-36.95410700
2008,Piauí,31,BR,PI,-7.71834010,-42.72892360
1997,"Rio de Janeiro",31,BR,RJ,-22.90684670,-43.17289650
2019,"Rio Grande do Norte",31,BR,RN,-5.40258030,-36.95410700
2001,"Rio Grande do Sul",31,BR,RS,-30.03463160,-51.21769860
2013,Rondônia,31,BR,RO,-11.50573410,-63.58061100
4858,Roraima,31,BR,RR,2.73759710,-62.07509980
2014,"Santa Catarina",31,BR,SC,,
2021,"São Paulo",31,BR,SP,-23.55051990,-46.63330940
2003,Sergipe,31,BR,SE,-10.57409340,-37.38565810
2020,Tocantins,31,BR,TO,-10.17528000,-48.29824740
872,Alberta,39,CA,AB,53.93327060,-116.57650350
875,"British Columbia",39,CA,BC,53.72666830,-127.64762050
867,Manitoba,39,CA,MB,53.76086080,-98.81387620
868,"New Brunswick",39,CA,NB,46.56531630,-66.46191640
877,"Newfoundland and Labrador",39,CA,NL,53.13550910,-57.66043640
878,"Northwest Territories",39,CA,NT,64.82554410,-124.84573340
874,"Nova Scotia",39,CA,NS,44.68198660,-63.74431100
876,Nunavut,39,CA,NU,70.29977110,-83.10757700
866,Ontario,39,CA,ON,51.25377500,-85.32321400
871,"Prince Edward Island",39,CA,PE,46.51071200,-63.41681360
873,Quebec,39,CA,QC,52.93991590,-73.54913610
870,Saskatchewan,39,CA,SK,52.93991590,-106.45086390
869,Yukon,39,CA,YT,35.50672150,-97.76254410
3006,Baden-Württemberg,82,DE,BW,48.66160370,9.35013360
3009,Bavaria,82,DE,BY,48.79044720,11.49788950
3010,Berlin,82,DE,BE,52.52000660,13.40495400
3013,Brandenburg,82,DE,BB,52.41252870,12.53164440
3014,Bremen,82,DE,HB,53.07929620,8.80169360
3016,Hamburg,82,DE,HH,53.55108460,9.99368190
3018,Hesse,82,DE,HE,50.65205150,9.16243760
3008,"Lower Saxony",82,DE,NI,52.63670360,9.84507660
3007,Mecklenburg-Vorpommern,82,DE,MV,53.61265050,12.42959530
3017,"North Rhine-Westphalia",82,DE,NW,51.43323670,7.66159380
3019,Rhineland-Palatinate,82,DE,RP,50.11834600,7.30895270
3020,Saarland,82,DE,SL,49.39642340,7.02296070
3021,Saxony,82,DE,SN,51.10454070,13.20173840
3011,Saxony-Anhalt,82,DE,ST,51.95026490,11.69227340
3005,Schleswig-Holstein,82,DE,SH,54.21936720,9.69611670
3015,Thuringia,82,DE,TH,51.01098920,10.84534600
4023,"Andaman and Nicobar Islands",101,IN,AN,11.74008670,92.65864010
4017,"Andhra Pradesh",101,IN,AP,15.91289980,79.73998750
4024,"Arunachal Pradesh",101,IN,AR,28.21799940,94.72775280
4027,Assam,101,IN,AS,26.20060430,92.93757390
4037,Bihar,101,IN,BR,25.09607420,85.31311940
4031,Chandigarh,101,IN,CH,30.73331480,76.77941790
4040,Chhattisgarh,101,IN,CT,21.27865670,81.86614420
4033,"Dadra and Nagar Haveli and Daman and Diu",101,IN,DH,20.39737360,72.83279910
4021,Delhi,101,IN,DL,28.70405920,77.10249020
4009,Goa,101,IN,GA,15.29932650,74.12399600
4030,Gujarat,101,IN,GJ,22.25865200,71.19238050
4007,Haryana,101,IN,HR,29.05877570,76.08560100
4020,"Himachal Pradesh",101,IN,HP,31.10482940,77.17339010
4029,"Jammu and Kashmir",101,IN,JK,33.27783900,75.34121790
4025,Jharkhand,101,IN,JH,23.61018080,85.27993540
4026,Karnataka,101,IN,KA,15.31727750,75.71388840
4028,Kerala,101,IN,KL,10.85051590,76.27108330
4852,Ladakh,101,IN,LA,34.22684750,77.56194190
4019,Lakshadweep,101,IN,LD,10.32802650,72.78463360
4039,"Madhya Pradesh",101,IN,MP,22.97342290,78.65689420
4008,Maharashtra,101,IN,MH,19.75147980,75.71388840
4010,Manipur,101,IN,MN,24.66371730,93.90626880
4006,Meghalaya,101,IN,ML,25.46703080,91.36621600
4036,Mizoram,101,IN,MZ,23.16454300,92.93757390
4018,Nagaland,101,IN,NL,26.15843540,94.56244260
4013,Odisha,101,IN,OR,20.95166580,85.09852360
4011,Puducherry,101,IN,PY,11.94159150,79.80831330
4015,Punjab,101,IN,PB,,
4014,Rajasthan,101,IN,RJ,27.02380360,74.21793260
4034,Sikkim,101,IN,SK,27.53297180,88.51221780
4035,"Tamil Nadu",101,IN,TN,11.12712250,78.65689420
4012,Telangana,101,IN,TG,18.11243720,79.01929970
4038,Tripura,101,IN,TR,23.94084820,91.98815270
4022,"Uttar Pradesh",101,IN,UP,26.84670880,80.94615920
4016,Uttarakhand,101,IN,UT,30.06675300,79.01929970
4853,"West Bengal",101,IN,WB,22.98675690,87.85497550
1456,Alabama,233,US,AL,32.31823140,-86.90229800
1400,Alaska,233,US,AK,64.20084130,-149.49367330
1424,"American Samoa",233,US,AS,-14.27097200,-170.13221700
1434,Arizona,233,US,AZ,34.04892810,-111.09373110
1444,Arkansas,233,US,AR,35.20105000,-91.83183340
1416,California,233,US,CA,36.77826100,-119.41793240
1450,Colorado,233,US,CO,39.55005070,-105.78206740
1435,Connecticut,233,US,CT,41.60322070,-73.08774900
1399,Delaware,233,US,DE,38.91083250,-75.52766990
1437,"District of Columbia",233,US,DC,38.90719230,-77.03687070
1436,Florida,233,US,FL,27.66482740,-81.51575350
1455,Georgia,233,US,GA,32.16562210,-82.90007510
1412,Guam,233,US,GU,13.44430400,144.79373100
1411,Hawaii,233,US,HI,19.89676620,-155.58278180
1460,Idaho,233,US,ID,44.06820190,-114.74204080
1425,Illinois,233,US,IL,40.63312490,-89.39852830
1440,Indiana,233,US,IN,40.26719410,-86.13490190
1459,Iowa,233,US,IA,41.87800250,-93.09770200
1406,Kansas,233,US,KS,39.01190200,-98.48424650
1419,Kentucky,233,US,KY,37.83933320,-84.27001790
1457,Louisiana,233,US,LA,30.98429770,-91.96233270
1453,Maine,233,US,ME,45.25378300,-69.44546890
1401,Maryland,233,US,MD,39.04575490,-76.64127120
1433,Massachusetts,233,US,MA,42.40721070,-71.38243740
1426,Michigan,233,US,MI,44.31484430,-85.60236430
1420,Minnesota,233,US,MN,46.72955300,-94.68589980
1430,Mississippi,233,US,MS,32.35466790,-89.39852830
1451,Missouri,233,US,MO,37.96425290,-91.83183340
1446,Montana,233,US,MT,46.87968220,-110.36256580
1408,Nebraska,233,US,NE,41.49253740,-99.90181310
1458,Nevada,233,US,NV,38.80260970,-116.41938900
1404,"New Hampshire",233,US,NH,43.19385160,-71.57239530
1417,"New Jersey",233,US,NJ,40.05832380,-74.40566120
1423,"New Mexico",233,US,NM,34.51994020,-105.87009010
1452,"New York",233,US,NY,40.71277530,-74.00597280
1447,"North Carolina",233,US,NC,35.75957310,-79.01929970
1418,"North Dakota",233,US,ND,47.55149260,-101.00201190
1431,"Northern Mariana Islands",233,US,MP,15.09790000,145.67390000
4851,Ohio,233,US,OH,40.41728710,-82.90712300
1421,Oklahoma,233,US,OK,35.46756020,-97.51642760
1415,Oregon,233,US,OR,43.80413340,-120.55420120
1422,Pennsylvania,233,US,PA,41.20332160,-77.19452470
1449,"Puerto Rico",233,US,PR,18.22083300,-66.59014900
1461,"Rhode Island",233,US,RI,41.58009450,-71.47742910
1443,"South Carolina",233,US,SC,33.83608100,-81.16372450
1445,"South Dakota",233,US,SD,43.96951480,-99.90181310
1454,Tennessee,233,US,TN,35.51749130,-86.58044730
1407,Texas,233,US,TX,31.96859880,-99.90181310
1414,Utah,233,US,UT,39.32098010,-111.09373110
1409,Vermont,233,US,VT,44.55880280,-72.57784150
1427,Virginia,233,US,VA,37.43157340,-78.65689420
1462,Washington,233,US,WA,47.75107410,-120.74013850
1429,"West Virginia",233,US,WV,38.59762620,-80.45490260
1441,Wisconsin,233,US,WI,43.78443970,-88.78786780
1442,Wyoming,233,US,WY,43.07596780,-107.29028390
